Secret Key,Raw JSON Data
"{"name":"Test User","email":"test"}",https://2930bf5d.keypom-redacted-app.pages.dev/tickets/ticket/ga_pass#eyJ0aWNrZXQiOiJlZDI1NTE5OjNIOWZTY21vZEFTUVp4RUdCeHpnamdpcHE5TTU2VWlzQTVUSlZjeDRldlFnZ0pteGVxNjJXTkx3WDVVVVd2dU1aR01WZXp1aHR0U2JSOU5zSkU0eG42NDUiLCJ1c2VyRGF0YSI6eyJuYW1lIjoiVGVzdCBVc2VyIiwiZW1haWwiOiJ0ZXN0In19
"{"name":"Test User","email":"test"}",https://2930bf5d.keypom-redacted-app.pages.dev/tickets/ticket/ga_pass#eyJ0aWNrZXQiOiJlZDI1NTE5OjU3ekpGdzExQkFybjRMZnR1M0ZKSG50OGZUUjNWZXNrZjFVamltcTRpWURocXlXVHNlcEpkRTV1c0hoWHFLY0dyaVRiNlJxWEpUVkVoMlpaUmRienZpNTQiLCJ1c2VyRGF0YSI6eyJuYW1lIjoiVGVzdCBVc2VyIiwiZW1haWwiOiJ0ZXN0In19
"{"name":"Test User","email":"test"}",https://2930bf5d.keypom-redacted-app.pages.dev/tickets/ticket/ga_pass#eyJ0aWNrZXQiOiJlZDI1NTE5OjRaUzF5Y0x4YzNleXE5Ulk5am16em5kWk1aR1FDd3U5WlF5bTl4RHBzd3dxTE1vdDNXZkhQaGdldXF3b3pueG1SUDJ4dXlvcHNxbUozTWpEb1dLTFRraG8iLCJ1c2VyRGF0YSI6eyJuYW1lIjoiVGVzdCBVc2VyIiwiZW1haWwiOiJ0ZXN0In19
"{"name":"Test User","email":"test"}",https://2930bf5d.keypom-redacted-app.pages.dev/tickets/ticket/ga_pass#eyJ0aWNrZXQiOiJlZDI1NTE5OjVpZ1g4OHhoTlc5VFR2eG1KUWtXNmFCM2RMNkVMTWFENkVtSzZVdjNQeVZrMVlFRnZiY3Z0Nk5WQUptWWpnTW5LTVVGVWR5Y2lyOHFoa2g2bVZveGt3ZFQiLCJ1c2VyRGF0YSI6eyJuYW1lIjoiVGVzdCBVc2VyIiwiZW1haWwiOiJ0ZXN0In19
"{"name":"Test User","email":"test"}",https://2930bf5d.keypom-redacted-app.pages.dev/tickets/ticket/ga_pass#eyJ0aWNrZXQiOiJlZDI1NTE5OjVnQjEzOWdFUlBvd29NcVhCMWlWaWd0Wm4xV1pBaWVaVFVvN25oUExMZkJ3Qm92S3hRUGNEWDdDUlM1bzRxV3NMdEZxZU5qMVJ6OHlpckpFQVUyajVWRksiLCJ1c2VyRGF0YSI6eyJuYW1lIjoiVGVzdCBVc2VyIiwiZW1haWwiOiJ0ZXN0In19
"{"name":"Test User","email":"test"}",https://2930bf5d.keypom-redacted-app.pages.dev/tickets/ticket/ga_pass#eyJ0aWNrZXQiOiJlZDI1NTE5OjM2aDZGQ0t4UEo2bmRKekU5NmdZZTRBU3Y3dUYzdTRnYVRRM0c3VG9la0JLaWo1SkYzU29QRFVzdjF1OU1za1ZTZWNiVjl2bUE1eHkxN1k4b0w3ZzNWS2UiLCJ1c2VyRGF0YSI6eyJuYW1lIjoiVGVzdCBVc2VyIiwiZW1haWwiOiJ0ZXN0In19
"{"name":"Test User","email":"test"}",https://2930bf5d.keypom-redacted-app.pages.dev/tickets/ticket/ga_pass#eyJ0aWNrZXQiOiJlZDI1NTE5OkpLRUhSdm5ES3RyWWVXRGY3VmQ3ZUhka2c4NmlkR0hyOU54YjJRQ2JwVDIxY3J5NE1rVUc4Q05ic1VFdlRvNnJ6ZDZZaHhzTEozejlBZzgxQlE3VDNnSyIsInVzZXJEYXRhIjp7Im5hbWUiOiJUZXN0IFVzZXIiLCJlbWFpbCI6InRlc3QifX0=
"{"name":"Test User","email":"test"}",https://2930bf5d.keypom-redacted-app.pages.dev/tickets/ticket/ga_pass#eyJ0aWNrZXQiOiJlZDI1NTE5OjQ0dE1GdVdSeFc0a3oyZktLQ2p5dTVBR0VySDFSVEZaanZYR2VKMVlXNmlVcVdlUW9KdVlxdlF3NEJFOXN6a3lzdGRWblRGajZnNjdMZmZjRW5oVktZOGIiLCJ1c2VyRGF0YSI6eyJuYW1lIjoiVGVzdCBVc2VyIiwiZW1haWwiOiJ0ZXN0In19
"{"name":"Test User","email":"test"}",https://2930bf5d.keypom-redacted-app.pages.dev/tickets/ticket/ga_pass#eyJ0aWNrZXQiOiJlZDI1NTE5OlAxWFNEZFc4dlBBVllQMlprQTRDTXBwWHVpSEJUV0g4YXc1SFdhNXpVb3lvbjRuZUpnZEUzM3hrUGtQR3hWNjJOSnVVRG90VGJaSlFFUzh4OFVDSFZjYiIsInVzZXJEYXRhIjp7Im5hbWUiOiJUZXN0IFVzZXIiLCJlbWFpbCI6InRlc3QifX0=
"{"name":"Test User","email":"test"}",https://2930bf5d.keypom-redacted-app.pages.dev/tickets/ticket/ga_pass#eyJ0aWNrZXQiOiJlZDI1NTE5OjRWejJxNktGNU5rb1oxM1RNTUpCNzFoU2RGeXpyZkU3RUFmY1pBMVhraEZEOUdLYkhoNjI2SGVqVFc5OFBpRHh2SnpnYXZrM0ZiRHVlaFZlTHQ1QmltcHEiLCJ1c2VyRGF0YSI6eyJuYW1lIjoiVGVzdCBVc2VyIiwiZW1haWwiOiJ0ZXN0In19
